{"TaskName": "rest", "registration_matrix_T1": [[0.998442421552297, 0.041073042217925, 0.037758911955804, 0.2885830548657325], [-0.0356300592693625, 0.990208796799931, -0.13497032661438899, -2.365055164783947], [-0.0429328517008578, 0.133414740664784, 0.9901298787982743, 13.064365927561093], [0.0, 0.0, 0.0, 1.0]], "RepetitionTime": 0.8, "EchoTime": 0.03, "FlipAngle": 52.0}